nom,qatorlar,taxalluslar,izoh
Salid,1440,,
EPA,678,Epa,
Dusel,497,Dussel;Dussel Rich;Rich,"liniya: Dussel Rich, Rich"
Veral,163,Veral Electric,
Chint,31,CHINT,
Vesta,15,,
Lucem,8,,
Soma Fix,8,SomaFix;Somafix,
Mono Electric,4,,
Lit,4,,
Alight Electrical,3,,
Openmax,3,,
Afixs,3,,
Horoz Electric,2,,
Tech,2,,Hi-tech liniyasi? Dusel'ga tegishlimi - tasdiqlang
Mizar,2,,
BY Lion,2,,
EKF,1,,
Yesnice,1,,
Paketa,1,,
Hurry Bolt,1,,
Kangming,1,,
Okgo,1,,
Avtosil,1,,
Veral Electric,1,,
HydroPlast,1,,
Safix,1,,
Ibom,1,,
Pingbo,1,,
Voltech,1,,
X-Bulb,1,,
Delixi,1,,
Beststar,1,,
Locttlf,1,,
Dossol,1,,
Terminator,1,,
Rother,1,,
Aelifv,1,,
Adil Holding,1,,
Vcand,1,,
