soz,chastota,tur_nomi,qaror,izoh,namuna
adapter,0,Adapter,tur,review ro'yxatidan,
akkumulyatorli asbob,0,Akkumulyatorli asbob,tur,kategoriya bargidan,Akkumulyatorli asboblar
almaz disk,0,Almaz disk,tur,kategoriya bargidan,Almaz disklar
apparati,18,Apparat,tur,,Payvandlash apparati EPA ESA-180MMA (30~180 А  7.48 
aralashtirgich,0,Aralashtirgich,tur,kategoriya bargidan (bosh so'z),Beton aralashtirgichlar
arra,16,Arra,tur,,Arra Temir Sop 350
asbob to'plami,0,Asbob to'plami,tur,kategoriya bargidan,Asbob to'plamlari
atverka,64,Otvyortka,tur,,Atverka 47
avtomat,27,Avtomat,tur,,Avtomat Chint DZ158-125H 3P (100A  10kA)
avtomatika bloki,0,Avtomatika bloki,tur,kategoriya bargidan,Avtomatika bloklari
beton aralashtirgich,0,Beton aralashtirgich,tur,kategoriya bargidan,Beton aralashtirgichlar
blok,0,Blok,tur,kategoriya bargidan (bosh so'z),Avtomatika bloklari
bog' texnikasi,0,Bog' texnikasi,tur,kategoriya bargidan,Bog' texnikasi
bolg'a,20,Bolgʻa,tur,,BOLG'A Plasmas Sop 1000G
bolgarka,22,Bolgarka,tur,,Bolgarka EPA EDP-110-6 (1600 Вт  13200 об/мин)
bolt,0,Bolt,tur,review ro'yxatidan,
bolta,0,Bolta,tur,kategoriya bargidan,Boltalar
bra,247,Bra,tur,,X01 Xrustal bra
bur,39,Bur,tur,,Bur 10*160
burchaklik,0,Burchaklik,tur,kategoriya bargidan (bosh so'z),Lineyka va burchakliklar
changyutgich,0,Changyutgich,tur,kategoriya bargidan,Changyutgichlar
cherepitsa,0,Cherepitsa,tur,brend tahlilidan,
chiroq,0,Chiroq,tur,review ro'yxatidan,
cho'tka,0,Choʻtka,tur,brend tahlilidan,
disk,46,Disk,tur,,Almaz Disk 115
drel,24,Drel,tur,,Drel Sim CHO'TKA Nabor
duriks,0,Duriks,tur,review ro'yxatidan,
dyubel,0,Dyubel,tur,review ro'yxatidan,
feni,0,Feni,tur,kategoriya bargidan (bosh so'z),Qurilish fenlari
fiksator,0,Fiksator,tur,review ro'yxatidan,
filtr,0,Filtr,tur,kategoriya bargidan (bosh so'z),Suv filtrlari
fiting,0,Fiting,tur,kategoriya bargidan (bosh so'z),PPR fitinglar
fonar,0,Fonar,tur,review ro'yxatidan,
frezer,0,Frezer,tur,kategoriya bargidan,Frezerlar
galogen,0,Galogen,tur,review ro'yxatidan,
gayka,0,Gayka,tur,review ro'yxatidan,
gaykovert,0,Gaykovert,tur,kategoriya bargidan,Gaykovertlar
generator,0,Generator,tur,kategoriya bargidan,Generatorlar
germetik,0,Germetik,tur,kategoriya bargidan (bosh so'z),Yelim va germetiklar
gilza,0,Gilza,tur,brend tahlilidan,
gipsokarton moli,0,Gipsokarton moli,tur,kategoriya bargidan,Gipsokarton mollari
girlyanda,0,Girlyanda,tur,brend tahlilidan,
gofra,20,Gofra,tur,,Gofra 16mm blue
havo puflagich,0,Havo puflagich,tur,kategoriya bargidan,Havo puflagichlar
himoyachi,0,Himoyachi,tur,review ro'yxatidan,
isitgich,0,Isitgich,tur,kategoriya bargidan (bosh so'z),Suv isitgichlar
izolyatsiya materiali,0,Izolyatsiya materiali,tur,kategoriya bargidan,Izolyatsiya materiallari
kabel,0,Kabel,tur,review ro'yxatidan,
kalit,21,Kalit,tur,,Kalit EPA EGK-1 (25 мм)
kanalizatsiya fitingi,0,Kanalizatsiya fitingi,tur,kategoriya bargidan,Kanalizatsiya fitinglari
karonka,44,Karonka,tur,,Almaz Karonka 25
kartin,36,Kartina,tur,,Svetilnik dlya kartin & zerkal ZS3-12W/60CM 6500K AB
kesgich,0,Kesgich,tur,kategoriya bargidan (bosh so'z),Plitka kesgichlar
klavisha,0,Klavisha,tur,review ro'yxatidan,
klemmi,17,Klemma,tur,,Stroitelno-montajnie klemmi DSMK-121
klemmnik,0,Klemnik,tur,review ro'yxatidan,
klemnik,42,Klemnik,tur,,TB Klemnik 10003
klolodka,0,Kolodka,tur,review ro'yxatidan,
klyuch,37,Kalit,tur,,Balgarka Klyuch
kolodka,0,Kolodka,tur,review ro'yxatidan,
kompressor,0,Kompressor,tur,kategoriya bargidan,Kompressorlar
kontaktor,0,Kontaktor,tur,review ro'yxatidan,
korpus,118,Korpus,tur,,Korpus Diod Drayver 48W Plafon
koʻpig,0,Koʻpig,tur,kategoriya bargidan (bosh so'z),Montaj koʻpigi
kraska,0,Kraska,tur,review ro'yxatidan,
kronshteyn,0,Kronshteyn,tur,kategoriya bargidan,Kronshteynlar
kuvalda,0,Kuvalda,tur,review ro'yxatidan,
lampa,17,Lampa,tur,,Harakat sensorli LED lampa Alight 12W (1200Lm  E27  
lampochka,0,Lampochka,tur,review ro'yxatidan,
latta,0,Latta,tur,brend tahlilidan,
lazerli o'lchagich,0,Lazerli o'lchagich,tur,kategoriya bargidan,Lazerli o'lchagichlar
lineyka va burchaklik,0,Lineyka va burchaklik,tur,kategoriya bargidan,Lineyka va burchakliklar
lobzik,0,Lobzik,tur,kategoriya bargidan,Lobziklar
lyustra,2331,Lyustra,tur,,NC47/D700*H2000/25 GD Neoklassik lyustra
material,0,Material,tur,kategoriya bargidan (bosh so'z),Izolyatsiya materiallari
mikser,0,Mikser,tur,kategoriya bargidan,Mikserlar
modul,30,Modul,tur,,Elektr taqsimlash qutisi Mono Electric 12 modul (ich
moli,0,Moli,tur,kategoriya bargidan (bosh so'z),Gipsokarton mollari
montaj koʻpigi,0,Montaj koʻpigi,tur,kategoriya bargidan,Montaj koʻpigi
nabor,47,Toʻplam,tur,,Abifka Nabor 3PC
nakonechnik,78,Nakonechnik,tur,,Nakonechnik alyuminiyeviy 10 6x8.5
nasadka,0,Nasadka,tur,kategoriya bargidan,Nasadkalar
nasatka,0,Nasadka,tur,brend tahlilidan,
nasos,220,Nasos,tur,,Nasos EPA 2.5EGN2-24-0.37 (370 Вт  35 л/мин)
o'lchagich,0,O'lchagich,tur,kategoriya bargidan (bosh so'z),Lazerli o'lchagichlar
ombir,0,Ombir,tur,kategoriya bargidan,Ombirlar
ombur,0,Ombir,tur,review ro'yxatidan,
otboynik,0,Otboynik,tur,kategoriya bargidan,Otboyniklar
otvyortka,0,Otvyortka,tur,kategoriya bargidan,Otvyortkalar
panel,110,Panel,tur,,Akril panel 10W krug Fonex
parma,0,Parma,tur,review ro'yxatidan,
payvandlash apparati,0,Payvandlash apparati,tur,kategoriya bargidan,Payvandlash apparatlari
pena,0,Koʻpik,tur,review ro'yxatidan,
pereklyuchatel,0,Pereklyuchatel,tur,brend tahlilidan,
perexodnik-adapter,0,Perexodnik-adapter,tur,kategoriya bargidan,Perexodnik-adapterlar
perforator,26,Perforator,tur,,Perforator EPA EEP-28-3 (1010 Вт  4.2 Дж)
permutator,29,Permutator,tur,,Premium VKL 1 Black Permutator Dusel
pichoq,0,Pichoq,tur,kategoriya bargidan,Pichoqlar
pistolet,0,Pistolet,tur,kategoriya bargidan,Pistoletlar
plafon,227,Plafon,tur,,Korpus Diod Drayver 48W Plafon
plitka kesgich,0,Plitka kesgich,tur,kategoriya bargidan,Plitka kesgichlar
pobedit disk,0,Pobedit disk,tur,kategoriya bargidan,Pobedit disklar
ppr fiting,0,PPR fiting,tur,kategoriya bargidan,PPR fitinglar
prajektor,0,Projektor,tur,review ro'yxatidan,
predoxranitel,0,Predoxranitel,tur,review ro'yxatidan,
projector,59,Projektor,tur,,P1-10 projector
projektor,0,Projektor,tur,review ro'yxatidan,
puflagich,0,Puflagich,tur,kategoriya bargidan (bosh so'z),Havo puflagichlar
pult,0,Pult,tur,review ro'yxatidan,
qaychi,29,Qaychi,tur,,Elektroni QO'Y Qaychi
qulf,18,Qulf,tur,,Qulf 30
qurilish feni,0,Qurilish feni,tur,kategoriya bargidan,Qurilish fenlari
quti,0,Quti,tur,review ro'yxatidan,
ramka,205,Ramka,tur,,Premium ramka 2 Black Dusel
rele,18,Rele,tur,,Derjatel dlya rele vremeni 8-kontaktniy PF083A
rels,0,Rels,tur,review ro'yxatidan,
reyka,0,Reyka,tur,brend tahlilidan,
richag,0,Richag,tur,review ro'yxatidan,
roz,201,Rozetka,tur,,Roz 1 Tong
rozetka,31,Rozetka,tur,,Perenosnaya rozetka 32A400В 3Р+РЕ
rubilnik,0,Rubilnik,tur,review ro'yxatidan,
ruletka,0,Ruletka,tur,kategoriya bargidan,Ruletkalar
salnik,21,Salnik,tur,,MG Salnik 12
sensor,134,Sensor,tur,,Sensor panel datchik
shayba,0,Shayba,tur,review ro'yxatidan,
shchit,0,Shchit,tur,kategoriya bargidan,Shchitlar
shina,22,Shina,tur,,Shina N 6*9 10
shit,79,Shchit,tur,,Nar shit 12
shlifovka,0,Shlifovka,tur,kategoriya bargidan,Shlifovkalar
shlifovka diski,0,Shlifovka diski,tur,kategoriya bargidan,Shlifovka disklari
shpatel,0,Shpatel,tur,kategoriya bargidan,Shpatellar
shtativ,0,Shtativ,tur,kategoriya bargidan,Shtativlar
shtroborez,0,Shtroborez,tur,kategoriya bargidan,Shtroborezlar
shukurka,17,Shukurka,tur,,Dumaloq Shukurka 125-100
shuruf,0,Shuruf,tur,review ro'yxatidan,
shuruppovert,0,Shuruppovert,tur,kategoriya bargidan,Shuruppovertlar
sifon,0,Sifon,tur,review ro'yxatidan,
silindr,0,Silindr,tur,review ro'yxatidan,
sim,0,Sim,tur,brend tahlilidan,
skoch,18,Skoch,tur,,Malyar Skoch 30
so'rg'ich,0,So'rg'ich,tur,kategoriya bargidan (bosh so'z),Vakuum so'rg'ichlar
sop,37,Sop,tur,,Arra Temir Sop 350
stabilizator,0,Stabilizator,tur,kategoriya bargidan,Stabilizatorlar
stameska,0,Stameska,tur,review ro'yxatidan,
stanok,0,Stanok,tur,kategoriya bargidan,Stanoklar
stepler,0,Stepler,tur,kategoriya bargidan,Steplerlar
suv filtri,0,Suv filtri,tur,kategoriya bargidan,Suv filtrlari
suv isitgich,0,Suv isitgich,tur,kategoriya bargidan,Suv isitgichlar
suv terazisi,0,Suv terazisi,tur,kategoriya bargidan,Suv terazilari
sverlo,30,Svyorla,tur,,Archa Sverlo 12
svetilnik,44,Svetilnik,tur,,Svetilnik dlya kartin & zerkal ZS3-12W/60CM 6500K AB
svyorla,0,Svyorla,tur,kategoriya bargidan,Svyorlalar
tahta,43,Taxta,tur,,BOG' Arra Tahta
taxta,50,Taxta,tur,,T01 (TA01/5 GD+WH) Taxta lyustra Salid
tel,43,Tel,tur,,Premium Tel Black Dusel
terazi,0,Terazi,tur,kategoriya bargidan (bosh so'z),Suv terazilari
texnika,0,Texnika,tur,kategoriya bargidan (bosh so'z),Bog' texnikasi
to'plam,0,To'plam,tur,kategoriya bargidan (bosh so'z),Asbob to'plamlari
trimmer,0,Trimmer,tur,review ro'yxatidan,
tros,19,Tros,tur,,Kanalzatsiya Tros Qalin 8MM*5M
truba kesgich,0,Truba kesgich,tur,kategoriya bargidan,Truba kesgichlar
trubka,17,Trubka,tur,,Termousadochniy Trubka Ф10 svet J.K.Z.CH
tuxum,0,Tuxum,tur,brend tahlilidan,
udinitel,18,Udlinitel,tur,,Premium udinitel 2 gnezda 10 metr 10A Dusel
vakuum so'rg'ich,0,Vakuum so'rg'ich,tur,kategoriya bargidan,Vakuum so'rg'ichlar
ventilyator,32,Ventilyator,tur,,DV 3-100 Aqua Ventilyator
vilka,0,Vilka,tur,review ro'yxatidan,
vkl,236,Vyklyuchatel,tur,,4tali sotka 57 VKL
vyklyuchatel va rozetka,0,Vyklyuchatel va rozetka,tur,kategoriya bargidan,Vyklyuchatel va rozetkalar
xomut,0,Xomut,tur,review ro'yxatidan,
yelim,0,Yelim,tur,review ro'yxatidan,
yelim va germetik,0,Yelim va germetik,tur,kategoriya bargidan,Yelim va germetiklar
yog'och arra diski,0,Yog'och arra diski,tur,kategoriya bargidan,Yog'och arra disklari
yoritgich,0,Yoritgich,tur,kategoriya bargidan,Yoritgichlar
yuvish apparati,0,Yuvish apparati,tur,kategoriya bargidan,Yuvish apparatlari
zanjir,0,Zanjir,tur,review ro'yxatidan,
zerkal,36,Koʻzgu,tur,,Svetilnik dlya kartin & zerkal ZS3-12W/60CM 6500K AB
zichlagich,0,Zichlagich,tur,review ro'yxatidan,
zubila,0,Zubila,tur,kategoriya bargidan,Zubilalar
zvonok,24,Zvonok,tur,,Premium zvonok Black Dusel
насос,64,Nasos,tur,,Автоматический Самовсасывающий Насос DS10-A1-1100
стабилизатор,39,Stabilizator,tur,,DSS-50KVA латорный стабилизатор
aboy,0,,tur_emas,turni aniqlashtiruvchi so'z (oboy) - brend emas,
akril,113,,tur_emas,material,Akril panel 10W krug Fonex
alyuminiyeviy,22,,tur_emas,material,Nakonechnik alyuminiyeviy 10 6x8.5
asbob,211,,tur_emas,juda umumiy - tur emas,Akkumulyatorli asbob EPA EAP-28 (20 В  28 мм)
beton,33,,tur_emas,material,Beton Disk 110
bk,0,,tur_emas,rang kodi,
black,234,,tur_emas,rang,DD-04 datchik dvijeniya Black
bluetooth,109,,tur_emas,interfeys,B01 (BT01/400 CH) Bluetooth lyustra Salid
ch,0,,tur_emas,pardoz kodi,
classic,228,,tur_emas,uslub,C01 (CL01/D400/6 FGD+CL) Classic lyustra Salid
coffee,35,,tur_emas,rang,Rich Internet 2 Coffee Dusel
dark,49,,tur_emas,rang,DeLuxe Internet 2 Dark Grey Salid
deluxe,121,,tur_emas,daraja,DeLuxe Internet 2 Black Salid
diod,23,,tur_emas,texnologiya,Korpus Diod Drayver 48W Plafon
dlya,50,,tur_emas,rus predlogi,Derjatel dlya rele vremeni 8-kontaktniy PF083A
drum,188,,tur_emas,shakl,DM01/1 WH Drum lyustra Salid
dumaloq,27,,tur_emas,shakl,Dumaloq Shukurka 125-100
filament,18,,tur_emas,texnologiya,LED Filament 3W F G95-3D/E27 2700K Dusel
fonex,24,,tur_emas,brend,Akril panel 10W krug Fonex
gnezda,29,,tur_emas,miqdor,Troynik 3 gnezda
gold,204,,tur_emas,rang,DV 3-100 Aqua Ventilyator Gold
grey,181,,tur_emas,rang,Gofra 16mm grey
grusha,0,,tur_emas,shakl,
home,297,,tur_emas,liniya,Salid smart home Vitrina stand
hommom,0,,tur_emas,qoʻllanish,
in,0,,tur_emas,qisqartma,
internet,68,,tur_emas,interfeys,D12 Naponniy rozetka gold rozetka+internet Dusel
krish,22,,tur_emas,xususiyat (qopqoqli),Premium Roz s krish Black Dusel
krug,58,,tur_emas,shakl,Akril panel 10W krug Fonex
kvad,58,,tur_emas,shakl,Akril panel 10W kvad Fonex
led,81,,tur_emas,texnologiya,Fonar HX-816 (COB LED  18650 batareya  Type-C)
lujeniy,22,,tur_emas,material,Nakonechnik lujeniy 10-8 6.6x8.2
metal,21,,tur_emas,material,Metal Karonka 100
metr,62,,tur_emas,oʻlchov,Metr Qora Sariq 10
minusavoy,18,,tur_emas,xususiyat,Minusavoy Atverka 3x100
mix,0,,tur_emas,yorliq,
model,18,,tur_emas,umumiy soʻz,Dvukhpolyusnyy pereklyuchatel model DC 2P16A
montajnie,17,,tur_emas,sifat,Stroitelno-montajnie klemmi DSMK-121
naponniy,0,,tur_emas,turni aniqlashtiruvchi so'z,
nar,46,,tur_emas,brend liniyasi,Nar shit 12
naruj,34,,tur_emas,joylashuv,Akril panel naruj 18W krug Fonex
neoklassik,914,,tur_emas,uslub,NC01/1000*400/14 BK+SD Neoklassik lyustra Salid
new,16,,tur_emas,yorliq,NNC01/1000*350/8 CH New Neoklassik lyustra Salid
neylonoviy,19,,tur_emas,material,Klemmnik neylonoviy 100A 35mm2
ockean,22,,tur_emas,brend,Emulsiya Ockean fasad 10kg
platinum,70,,tur_emas,daraja,DV 3-100 Aqua Ventilyator Platinum
plyusavoy,18,,tur_emas,xususiyat,Plyusavoy Atverka 3x100
potolochniy,17,,tur_emas,joylashuv,HTB31-1 Hi-tech potolochniy bra Salid
premium,157,,tur_emas,daraja,Premium Datchchik dvijenya Black Dusel
qizil,15,,tur_emas,rang,Duriks Qizil 100
qora,35,,tur_emas,rang,Gvazdior BOLG'A Qora Sop 0 25
ramkoy,60,,tur_emas,rus kelishigi,Smart home sensor korpus 1 s 3 ramkoy Black Salid
reshetkali,0,,tur_emas,xususiyat,
reverse,16,,tur_emas,xususiyat,Smart home modul VKL 1 reverse Salid
rich,104,,tur_emas,brend,Rich Internet 2 Coffee Dusel
rivers,44,,tur_emas,liniya,Premium VKL 1 Black Rivers Dusel
sariq,27,,tur_emas,rang,Kosa Sariq 3
sauna,22,,tur_emas,qoʻllanish,Sauna plafon 12W krug Fonex
sd,0,,tur_emas,pardoz kodi,
sensorli,37,,tur_emas,xususiyat,Harakat sensorli LED lampa Alight 12W (1200Lm  E27  
shisha,278,,tur_emas,material,Metr Shisha Orignal 10M
silver,79,,tur_emas,rang,DV 3-100 Aqua Ventilyator Silver
smart,300,,tur_emas,liniya,Salid smart home Vitrina stand
stroitelno,17,,tur_emas,sifat,Stroitelno-montajnie klemmi DSMK-121
svet,16,,tur_emas,rang,Termousadochniy Trubka Ф10 svet J.K.Z.CH
tali,25,,tur_emas,tokenizatsiya artefakti,4tali sotka 56
tashqi,0,,tur_emas,joylashuv,
tb,0,,tur_emas,model prefiksi,
tech,987,,tur_emas,brend liniyasi,501-3 Hi-tech plafon Dusel
temir,18,,tur_emas,material,Arra Temir Sop 350
termousadochniy,16,,tur_emas,sifat,Termousadochniy Trubka Ф10 svet J.K.Z.CH
type,30,,tur_emas,tokenizatsiya artefakti,Fonar HX-816 (COB LED  18650 batareya  Type-C)
type-c,0,,tur_emas,interfeys,
ultra,139,,tur_emas,daraja,Ultra Internet 2 Black Salid
usb,37,,tur_emas,interfeys,4tali sotka 58 USB
velux,35,,tur_emas,liniya,VeLux-008 600mm E27x1 Black
vert,34,,tur_emas,joylashuv,DeLuxe Ramka 2 Vert Black Salid
vnut,45,,tur_emas,joylashuv,Vnut shit 12
white,157,,tur_emas,rang,OS Zaglushka 1180*70*40 White
xrustal,15,,tur_emas,material,X01 Xrustal bra
zaz,99,,tur_emas,liniya,Troynik 3 gnezda krugliy zaz
zigbee,0,,tur_emas,interfeys,
автоматический,17,,tur_emas,sifat,Автоматический Самовсасывающий Насос DS10-A1-1100
глубинный,20,,tur_emas,sifat,Глубинный насос DS11-3.5GNM4/11
ква,15,,tur_emas,oʻlchov birligi,Asbob EPA EES-45/10KVA (10 кВА  45.5 А)
квт,18,,tur_emas,oʻlchov birligi,Generator EPA EBG-2200 (2 кВт  2.2 кВт)
латорный,19,,tur_emas,sifat,DSS-50KVA латорный стабилизатор
мин,69,,tur_emas,oʻlchov,Akkumulyatorli asbob EPA EMSH-A125 (20 В  8500 об/ми
погружной,0,,tur_emas,sifat,
размер,18,,tur_emas,yorliq,Asbob EPA EK-15 (Размер 150 мм)
самовсасывающий,25,,tur_emas,sifat,Автоматический Самовсасывающий Насос DS10-A1-1100
угловая,0,,tur_emas,sifat,
циркуляционные,0,,tur_emas,sifat,
час,23,,tur_emas,oʻlchov,Nasos EPA EVN-2/QY100-36-15 (15000 Вт  135 м³/час)
